Temperature (K),Density (Gg/cc)
125,0.03508
150,0.02924
175,0.02507
200,0.02194
225,0.0195
250,0.01755
275,0.01596
300,0.01463
350,0.01254
400,0.01097
